Gene Name_KY,Meaning_KY,Clone used for ISH,KY gene model,Old Name_KY
Ahr,Āaryl hydrocarbon receptor,ciad002p14,KY21.Chr12.881,
Arnt,Āaryl hydrocarbon receptor nuclear translocator,ciad002e16,KY21.Chr5.623,
Arx,Āaristaless related homeobox,not analyzed,KY21.Chr1.976,aristaless
Ascl.a,Āachaete-scute family bHLH transcription factor.a,citb032n03,KY21.Chr2.1499,Achaete-Scute a-like2
Ascl.b,Āachaete-scute family bHLH transcription factor.b,not analyzed,KY21.Chr2.1212,Achaete-Scute b
Ascl.c,Āachaete-scute family bHLH transcription factor.c,grail.125.28.1,KY21.Chr2.1092,Achaete-Scute a-like1
Atf2/7,Āactivating transcription factor 2/7,cieg084e13,KY21.Chr7.493,
Atf3,Āactivating transcription factor 3 ,cies007p15,KY21.Chr10.1083,
Atf4/5,Āactivating transcription factor 4/5 ,ciad001d09,KY21.Chr3.266,
Atf6,Āactivating transcription factor 6,cicl059p09,KY21.Chr13.319,CREB/ATF-d
Atoh,atonal bHLH transcription factor,grail.13.93.1,KY21.Chr8.242,
Atoh8,Āatonbal bHLH transcription factor 8,grail.370.6.1,KY21.Chr9.178,Net
Bach,ĀBTB domain and CNC homolog,cieg041k16,KY21.Chr6.380,
Barhl,ĀBarh like homeobox,grail.12.86.1,KY21.Chr11.400,BarH
Barx.a,ĀBarx homeobox.a,grail.64.37.1,KY21.Chr7.1101,BarX-A
Barx.b,ĀBarx homeobox.b,grail.96.40.1,KY21.Chr5.31,BarX-B
Barx.c,ĀBarx homeobox.c,grail.157.25.1,KY21.Chr4.1087,BarX-C
Bhlha15,Ābasic helix-loop-helix family member a15,ciad038c17,KY21.Chr3.1287,Mist
bHLH-like1,,not analyzed,KY21.Chr9.360,
Bhlhtun1,ĀTunicate bhlh 1,cicl012b03,KY21.Chr7.1130,Orphan bHLH-1
Bhlhtun2,ĀTunicate bhlh 2,grail.26.106.1,KY21.Chr4.865,Orphan bHLH-2
Bhlhtun3,ĀTunicate bhlh 3,not analyzed,KY21.Chr10.979,Orphan bHLH-3
Bhlhtun4,ĀTunicate bhlh 4,cibd043g10,KY21.Chr4.1053,Orphan bHLH-4
Bsx,Ābrain specific homeobox ,citb041n24,KY21.Chr8.555,Bsh
Bziptun1,ĀTunicate bzip 1,cits031a06,KY21.Chr13.41,Orphan bZip-1
Bziptun2,ĀTunicate bzip 2,citb010f17,KY21.Chr1.2225,Orphan bZip-2
Bziptun3,ĀTunicate bzip 3,ciad070b16,KY21.Chr1.2226,Orphan bZip-3
Bziptun4,ĀTunicate bzip 4 ,cilv020c01,KY21.Chr7.784,Orphan bZip-4
Bziptun5,ĀTunicate bzip 5,ciad077f22,KY21.Chr2.1426,Orphan bZip-5
Cbfb,Ācore-binding factor subunit beta,ciad032f24,KY21.Chr5.812,
Cdx,Ācaudal type homeobox ,citb004h19,KY21.Chr14.584,
Cebpa,ĀCCAAT enhancer binding protein alpha,ciad095d11,KY21.Chr3.726,C/EBP?
Cebpb/c/d/e,ĀCCAAT enhancer binding protein beta/gamma/delta/epsilon ,ciad095o08,KY21.Chr3.725,C/EBP?/?/?/?
Cebpz,ĀCCAAT enhancer binding protein zeta,cieg054c20,KY21.Chr11.993,Cbf
Cic,Ācapicua transcriptional repressor,cieg047c24,KY21.Chr4.370,
Creb1/Crem/Atf1,ĀcAMP responsive element binding protein 1/cAMP responsive element modulator/activating transcription factor 1 ,ciad050l02,KY21.Chr1.1682,CREB/ATF-c
Creb3/l1/l4,ĀcAMP responsive element binding protein 3/like3/like4 ,cieg027l12,KY21.Chr10.570,CREB/ATF-b
Creb3l1,ĀcAMP responsive element binding protein 3 like 1 ,cieg009e24,KY21.Chr2.1371,CREB/ATF-a
Dbx,Ādeveloping brain homeobox,grail.385.7.1,KY21.Chr3.662,
Deaf1,ĀDEAF1 transcription factor // Ci-ZF567,citb011c24,KY21.Chr2.205,
Dlx.a,Ādistal-less homeobox.a,AJ278696,KY21.Chr7.360,Dll-A
Dlx.b,Ādistal-less homeobox.b ,cicl022f04,KY21.Chr7.361,Dll-B
Dlx.c,Ādistal-less homeobox.c ,cilv080b23,KY21.Chr7.745,Dll-C
Dmbx,Ādiencephalon/mesencephalon homeobox,not analyzed,KY21.Chr1.2074,Mbx/Dmbx
Dmrt.a,Ādoublesex and mab-3 related transcription factor -related.a,ciad017d15,KY21.Chr5.707,DMRT1 // Ci-ZF277
Dmrt.b,Ādoublesex and mab-3 related transcription factor -related.b,ciad034m05,KY21.Chr8.245,DMRT2 // Ci-ZF275
DM-transcription factor unassigned 1,,not analyzed,KY21.Chr10.483,Ci-ZF330
DM-transcription factor unassigned 2,,not analyzed,KY21.Chr10.483,
E2f1/2/3/6,ĀE2F transcription factor 1/2/3/6 ,cieg020g18,KY21.Chr2.1178,
E2f4/5,ĀE2F transcription factor 4/5,citb060d07,KY21.Chr6.488,
Ebf,ĀEbf transcription factor,ciad013f14,KY21.Chr1.422,COE
Elf,ĀE74 like ETS transcription factor,cibd052l16,KY21.Chr14.495,
Elf3/Ehf,,cibd033i18,KY21.Chr4.468,ESE
Elk,ĀETS transcription factor Elk1/3/4 ,cilv026m05,KY21.Chr8.611,
Emx,Āempty spiracles homeobox ,cilv052a23,KY21.Chr8.1320,
En,Āengrailed homeobox,cilv039j03,KY21.Chr7.541,
Erf.a,ĀEts2 repressor factor.a,grail.138.33.1,KY21.Chr4.310,ERF1
Erf.b,ĀEts2 repressor factor.b ,cieg014f19,KY21.Chr4.609,ERF2
Esrr,Āestrogen related receptor ,ciad020o22,KY21.Chr11.439,ERR // Ci-ZF231
Ets1/2.a,"ĀETS proto-oncogene 1/2, transcription factor.a",cibd061j11,KY21.Chr11.1028,ets/pointed1
Ets1/2.b,"ĀETS proto-oncogene 1/2, transcription factor.b",ciad008k16,KY21.Chr10.346,ets/pointed2
Etv,ĀEts variant ,citb015j09,KY21.Chr1.779,ERM/ER81
Evx.a,Āeven-skipped homeobox.a ,not analyzed,KY21.Chr1.1671,Evx-A
Evx.b,Āeven-skipped homeobox.b,not analyzed,NA,Evx-B
Figla-r,Āfolliculogenesis specific bHLH transcription factor-related,not analyzed,KY21.Chr2.1292,Figa-like
Fli1/Erg.a,ĀETS transcription factor Fli1/Erg.a ,cilv004i11,KY21.Chr4.148,Fli/ERG1
Fli1/Erg.b,ĀETS transcription factor Fli1/Erg.b ,ciad075p05,KY21.Chr10.839,Fli/ERG2
Fli1/Erg.c,ĀETS transcription factor Fli1/Erg.c ,citb055o21,KY21.Chr10.840,Fli/ERG3
Fli1/Erg.d,ĀETS transcription factor Fli1/Erg.d,citb004m11,KY21.Chr4.655,Fli/ERG4
Fos,ĀFos transcription factor family,cilv040d24,KY21.Chr11.1094,
Foxa.a,Āforkhead box a.a ,ciad004i10,KY21.Chr11.1129,FoxA-a
Foxa.b,Āforkhead box a.b ,cilv039o15,KY21.Chr11.403,FoxA-b
Foxb,Āforkhead box b ,cilv039e20,KY21.Chr4.768,FoxB
Foxc,Āforkhead box c ,cilv050a24,KY21.Chr12.158,FoxC
Foxd.a,Āforkhead box d.a ,not analyzed,KY21.Chr8.655,FoxD-a
Foxd.b,Āforkhead box d.b ,citb008o13,KY21.Chr8.654,FoxD-b
Foxe,Āforkhead box e ,not analyzed,KY21.Chr5.63,FoxE
Foxf,Āforkhead box f ,cicl007c02,KY21.Chr3.989,FoxF
Foxg,Āforkhead box g ,grail.3.71.1,KY21.Chr8.693,FoxG
Foxh.a,Āforkhead box h.a,citb038e24,KY21.Chr9.687,FoxH-a
Foxh.b,Āforkhead box h.b,cicl020k09,KY21.Chr14.63,FoxH-b
Foxi.a,Āforkhead box i.a ,cilv038c13,KY21.Chr8.890,FoxI-a
Foxi.b,Āforkhead box i.b ,cies004e21,KY21.Chr8.889,FoxI-b
Foxi.c,Āforkhead box i.c ,cies008h21,KY21.Chr8.885,FoxI-c
Foxj2,Āforkhead box j2 ,citb033n10,KY21.Chr1.958,FoxJ2
Foxk,Āforkhead box k ,cieg034p17,KY21.Chr12.73,FoxK
Foxl2,Āforkhead box l2 ,grail.146.26.1,KY21.Chr1.1700,FoxL2
Foxm,Āforkhead box m ,citb034k18,KY21.Chr4.836,FoxM
Foxn1/4.a,Āforkhead box n1/4.a,not analyzed,NA,FoxN1/4a
Foxn1/4.b,Āforkhead box n1/4.b,not analyzed,KY21.Chr6.674,FoxN1/4b
Foxn2/3,Āforkhead box n2/3,citb002p24,KY21.Chr3.356,FoxN2/3
Foxo,Āforkhead box o ,cibd017j13,KY21.Chr6.632,FoxO
Foxp,Āforkhead box p // Ci-ZF255,cilv032h17,KY21.Chr7.480,FoxP // Ci-ZF255
Foxq,Āforkhead box q ,ciad036o10,KY21.Chr3.311,FoxQ
Foxtun1,ĀTunicate fox 1,cicl053p06,KY21.Chr14.596,Orphan Fox-1
Foxtun2,ĀTunicate fox 2,cinc007f05,KY21.Chr14.884,Orphan Fox-2
Foxtun3,ĀTunicate fox 3,not analyzed,KY21.Chr10.680,Orphan Fox-3
Foxtun4 ,ĀTunicate fox 4   // Ci-ZF248,ciad018o17,KY21.Chr5.385,Orphan Fox-4 // Ci-ZF248
Foxtun5,ĀTunicate fox 5,grail.124.16.1,KY21.Chr12.979,Orphan Fox-5
Gabpa,ĀGA binding protein transcription factor subunit alpha,cign073a03,KY21.Chr2.750,GABPalpha
Gata.a,ĀGATA binding protein.a ,ciad014g02,KY21.Chr6.630,GATA-a // Ci-ZF238
Gata.b,ĀGATA binding protein.b ,cign041j20,KY21.Chr4.1192,GATA-b // Ci-ZF261
Gli,ĀGLI family zinc finger ,cilv040n16,KY21.Chr7.445,Gli // Ci-ZF274
Gsc,Āgoosecoid homeobox,ciad056k04,KY21.Chr4.538,
Gsx,ĀGs homeobox ,citb029c24,KY21.Chr2.996,
Hand,Āheart and neural crest derivatives expressed,grail.67.62.1,KY21.Chr14.326,
Hand-r,Āheart and neural crest derivatives expressed-related,citb018l16,KY21.Chr1.1701,NoTrlc
Hes.a,Āhes family bHLH transcription factor.a,citb007o19,KY21.Chr1.29,Espl/hairy-a
Hes.b,Āhes family bHLH transcription factor.b,ciad039g19,KY21.Chr3.564,Espl/hairy-b
Hes.c,Āhes family bHLH transcription factor.c,ciad033g10,KY21.Chr1.891,Espl/hairy-c
Hey,Āhes related family bHLH transcription factor with YRPW motif ,ciad073f15,KY21.Chr10.1172,
Hhex,Āhematopoietically expressed homeobox ,ciad050j19,KY21.Chr1.839,Hex
Hif1a/Epas1,Āhypoxia inducible factor 1 subunit alpha/endothelial PAS domain protein 1,ciad014n02,KY21.Chr4.445,
Hlx,ĀH2.0 like homeobox,ciad006c05,KY21.Chr11.984,
Hmbox1-r,Āhomeobox containing 1-related ,genewise.155.43.1,KY21.Chr1.529,FLJ21616-related
Hmg20,Āhigh mobility group 20,cicl052o06,KY21.Chr1.78,
Hmgb1/2,Āhigh mobility group box 1/2,citb006k16,KY21.Chr14.627,
Hmgtun1,ĀTunicate Hmg 1,cits034c03,KY21.Chr12.823,Orphan HMG-1
Hmgtun2,ĀTunicate Hmg 2,cicl045f24,KY21.Chr5.1063,Orphan HMG-2
Hmgtun3,ĀTunicate Hmg 3,ciht024j17,NA,Orphan HMG-3
Hmgxb4,ĀHMG-box containing 4,cigd014m12,KY21.Chr8.594,HMG2-like
Hmx,ĀH6 family homeobox,not analyzed,KY21.Chr8.1318,NK5
Hnf1,ĀHnf1 homeobox ,grail.51.5.1,KY21.Chr12.643,
Hnf4,Āhepatocyte nuclear factor ,ciad047g04,KY21.Chr3.834,Ci-ZF214
Hox1,Āhomeobox A1/B1/D1 ,citb014p24,KY21.Chr1.841,
Hox10,Āhomeobox A10/C10/D10,cilv005f20,KY21.Chr1.2189,
Hox12,Āhomeobox A12/C12/D12 ,cilv047h06,KY21.Chr7.709,
Hox13,ĀHoxA13/B13/C13/D13 ,cieg043n10,KY21.Chr7.708,
Hox2,Āhomeobox A2/B2,not analyzed,KY21.Chr1.2090,
Hox3,Āhomeobox A3/B3/D3 ,ciad065p10,KY21.Chr1.2091,
Hox4,Āhomeobox A4/B4/C4/D4 ,ciad029a11,KY21.Chr1.2093,
Hox5,Āhomeobox A5/B5/C5 ,not analyzed,KY21.Chr1.2230,
Hox6,Āhomeobox A6/B6/C6,not analyzed,KY21.Chr1.2231,
Id.a,Āinhibitor of DNA binding.a,cicl010f24,KY21.Chr7.1126,Emc
Id.b,Āinhibitor of DNA binding.b,not analyzed,KY21.Chr7.1129,Emc2
Irf1/2,Āinterferon regulatory factor 1/2,not analyzed,KY21.Chr14.361,
Irf-r.a,Āinterferon regulatory factor related.a ,cicl027c03,KY21.Chr14.374,IRF-like-2
Irf-r.b,Āinterferon regulatory factor related.b,cilv026j10,KY21.Chr12.9,IRF-like-3
Irf-r.c,Āinterferon regulatory factor related.c,ciad060a06,KY21.Chr12.1074,IRF-like-4
Irf-r.d,Āinterferon regulatory factor related.d,cicl004j18,KY21.Chr3.995,IRF-like-5
Irf-r.e,Āinterferon regulatory factor related.e,cieg034e14,KY21.Chr11.359,IRF-like-6
Irf-r.f,Āinterferon regulatory factor related.f,citbx00618,KY21.Chr3.1349,IRF-like-7
Irf-r.g,Āinterferon regulatory factor related.g,cicl056j08,KY21.Chr3.1347,IRF-like-8
Irx.a,Āiroquois homeobox.a,ciad074p13,KY21.Chr11.341,Irx-A
Irx.b,Āiroquois homeobox.b,cicl053f03,KY21.Chr11.345,Irx-B
Irx.c,Āiroquois homeobox.c,citb016c09,KY21.Chr3.1380,Irx-C
Irx.d,Āiroquois homeobox.d,not analyzed,KY21.Chr3.1375,Irx-D
Isl,ĀISL LIM homeobox,ciad008c12,KY21.Chr4.1164,
Jun,ĀJun transcription factor family,cilv014f12,KY21.Chr5.540,
Kmt2c-r,Ālysine methyltransferase 2C related,ciad006p06,KY21.Chr6.700,ALR-like
Lbx,,not analyzed,NA,
Lhx1,ĀLIM homeobox 1,cilv076a07,KY21.Chr11.1275,
Lhx2/9,ĀLIM homeobox 2/9,not analyzed,KY21.Chr9.240,
Lhx3/4,ĀLIM homeobox 3/4 ,cilv006c13,KY21.Chr13.457,Lhx3
Lmx1,ĀLIM homeobox transcription factor 1,citb030f24,KY21.Chr9.606,Lmx
Lmx1-r,ĀLIM homeobox transcription factor 1-related ,genewise.89.84.1,KY21.Chr9.611,Lmx-like
Maf/a/b,ĀMAF bZIP transcription factor/a/b ,cibd084h04,KY21.Chr12.541,large Maf
Maff/g/k,ĀMAF bZIP transcription factor f/g/k ,ciad026l18,KY21.Chr12.543,small Maf
Max,ĀMYC associated factor X,ciad014g22,KY21.Chr5.118,
Mef2,Āmyocyte enhancer factor,cieg033j06,KY21.Chr10.14,
Meis,ĀMeis homeobox ,citb035l22,KY21.Chr10.644,
Meox,Āmesenchyme homeobox ,citb064a19,KY21.Chr8.1007,Mox
Mesp,Āmesoderm posterior bHLH transcription factor,cicl045n09,KY21.Chr3.978,
Mitf,Āmelanocyte inducing transcription factor,cilv041b12,KY21.Chr10.578,
Mlx,ĀMAX dimerization protein MLX,cieg054i21,KY21.Chr11.474,
Mnt-r,ĀMAX network transcriptional repressor-related,cieg011p17,KY21.Chr6.613,Mnt-like
Mnx,Āmotor neuron and pancreas homeobox ,cign044b23,KY21.Chr10.362,
Mrf,ĀMyogenic regulatory factor,cicl007n20,KY21.Chr14.750,MyoD
Msx,Āmsh homeobox ,cign067l18,KY21.Chr2.1031,msxb
Mxd,ĀMax dimerization protein,ciad014i17,KY21.Chr1.459,
Myc,"ĀMYC proto-oncogene, bHLH transcription factor",cieg017l16,KY21.Chr1.384,
Myt1,Āmyelin transcription factor 1 // Ci-ZF223,citb040p06,KY21.Chr1.1192,
Neurog,ĀNeurogenin,citb008o08,KY21.Chr6.434,
Nfat5,Ānuclear factor of activated T cells 5,grail.128.36.1,KY21.Chr3.904,
Nfe2,"Ānuclear factor, erythroid 2",cicl015m17,KY21.Chr1.790,NF-E2
Nfi,ĀNucelar factor i,ciht020d21,KY21.Chr5.329,NF1a/b/c
Nfil3,"Ānuclear factor, interleukin 3 regulated ",not analyzed,KY21.Chr5.629,NF-IL2
Nfkb,Ānuclear factor kappa B ,ciad037k20,KY21.Chr7.418,
Nfrkb,Ānuclear factor related to kappaB binding protein,cieg016c06,KY21.UAContig35.3,
Nfya,Ānuclear transcription factor Y subunit alpha,cicl044p17,KY21.Chr4.1093,
Nfyb,Ā{uclear transcription factor Y subunit beta // Ci-ZF272,cieg017j07,KY21.Chr4.1093,
Nkx2-1/4,ĀNK2 homeobox 1/4,ciad042d09,KY21.Chr10.704,TTF1
Nkx2-3/5/6,ĀNK2 homeobox 3/5/6 ,citb005h13,KY21.Chr8.898,NK4
Nkx6,ĀNK6 homeobox,citb003b08,KY21.Chr5.29,NK6
Nkxtun1,ĀTuniate Nkx 1 ,cicl048p22,KY21.Chr12.92,Nkx-A
Nkxtun2,ĀTuniate Nkx 2 ,not analyzed,KY21.Chr8.959,Nkx-B
Nkxtun3,ĀTuniate Nkx 3 ,citb089b03,KY21.Chr1.162,Nkx-C
Noto,Ānotochord homeobox ,not analyzed,KY21.Chr5.1104,Not
Npas1/3,Āneuronal PAS domain protein 1/3,citb035h10,KY21.Chr11.676,Trh
Nr1d,Ānuclear receptor subfamily 1 group d,cilv001k03,KY21.Chr13.291,Rev-Erb // Ci-ZF267
Nr1h2/3,Ānuclear receptor subfamily 1 group H member2/3,cibd072k06,KY21.Chr2.1087,LXR // Ci-ZF215
Nr1h4,Ānuclear receptor subfamily 1 group H member 4,citb033o05,KY21.Chr2.908,FXR // Ci-ZF257
Nr2c,Ānuclear receptor subfamily 2 group C ,cieg057j21,KY21.Chr8.532,TR2/4 // Ci-ZF239
Nr2e,Ānuclear receptor subfamily 2 group E,genewise.412.43.1,KY21.Chr6.669,Tailless-like // Ci-ZF246
Nr2f,Ānuclear receptor subfamily 2 group F,citb005p21,KY21.Chr8.1369,COUP // Ci-ZF211
Nr4a,Ānuclear receptor subfamily 4 group A,ciad045m15,KY21.Chr9.660,NR41/42/43 // Ci-ZF242
Nr5a,Ānuclear receptor subfamily 5 group A,cits041n17,KY21.Chr6.232,FTZF // Ci-ZF222
Nr6a,Ānuclear receptor subfamily 6 group A,cign062a04,KY21.Chr1.1063,GCNF // Ci-ZF262
Onecut,Āone cut homeobox,not analyzed,KY21.Chr6.231,Old Name :ĀHNF6
Otp,Āorthopedia homeobox ,cicl017a08,KY21.Chr14.647,
Otx,Āorthodenticle homeobox ,cicl045e03,KY21.Chr4.720,
Pax1/9,ĀPaired box 1/9,ciad098l14,KY21.Chr11.1256,
Pax2/5/8.a,ĀPaired box 2/5/8.a ,ciad005j09,KY21.Chr6.690,Pax2/5/8-A
Pax2/5/8.b,ĀPaired box 2/5/8.b,cicl054o20,KY21.Chr12.452,Pax2/5/8-B
Pax3/7,ĀPaired box 3/7,not analyzed,KY21.Chr10.288,
Pax3/7-r,ĀPaired box 3/7-related ,genewise.48.64.1,KY21.Chr4.408,Pax3/7-like
Pax6,ĀPaired box 6 ,cilv050b12,KY21.Chr9.1050,
Pbrm1,Āpolybromo 1,citb014e18,KY21.Chr7.479,
Pbx,ĀPbx homeobox,cilv008a08,KY21.Chr13.452,
Pdx,Āpancreatic and duodenal homeobox 1,citb044p22,KY21.Chr14.616,IPF1
Phox2,Āpaired like homeobox 2,not analyzed,KY21.Chr14.160,Arix/Phox-2
Pitx,Āpaired like homeodomain,citb012n01,KY21.Chr6.180,
Pknox,ĀPBX/knotted 1 homeobox ,cieg009j24,KY21.Chr11.917,Prep
Pou2f,ĀPou class 2 homeobox,cieg042p24,KY21.Chr4.253,POU2
Pou4f,ĀPou class 4 homeobox ,citb034g05,KY21.Chr2.456,POU4
Pou-r,ĀPou class-related,cieg024l04,KY21.Chr7.494,POU-like
Ppar,Āperoxisome proliferator activated receptor,citb037p19,KY21.Chr8.983,PPAR // Ci-ZF253
Prdm1-r.a,ĀPR/SET domain 1-related.a,To Be Updated,KY21.Chr12.997,BZ1 Blimp-like Zinc finger 1
Prdm1-r.b,ĀPR/SET domain 1-related.b,cibd072m12,KY21.Chr12.994,BZ2 Blimp-like Zinc finger 2 // Ci-ZF012
Prdm1-r.c,ĀPR/SET domain 1-related.c,To Be Updated,KY21.Chr12.992,
Prdtun1,ĀTunicate Paired class 1 ,grail.290.11.1,KY21.Chr11.105,Old NameĀPrd-A
Prdtun2,ĀTunicate Paired class 2,cicl004k05,KY21.Chr1.1238,Old NameĀPrd-B
Prop,ĀPROP paired-like homeobox ,citb047e24,KY21.Chr11.1031,
Prox.a,Āprospero homeobox.a ,not analyzed,KY21.Chr4.64,Prox-A
Prox.b,Āprospero homeobox.b,cieg044k24,KY21.Chr4.66,Prox-B
Prrx,Āpaired related homeobox 2,ciad014c24,KY21.Chr1.219,Prx
Ptf1a,Āpancreas associated transcription factor 1a,not analyzed,KY21.Chr3.511,Ptfa
Ptf1a-r,Āpancreas associated transcription factor 1a-related,cilv050i16,KY21.Chr11.539,Ptfb
Pura/b/g,Āpurine rich element binding protein A/B/G,ciad009e19,KY21.Chr12.906,
Rar,Āretinoic acid receptor,citb035d16,KY21.Chr9.707,RAR // Ci-ZF218
Rax,Āretina and anterior neural fold homeobox ,not analyzed,KY21.Chr12.306,Rx
Rbpj,Ārecombination signal binding protein for immunoglobulin kappa J region,citb043k14,KY21.Chr2.360,SuH/RBP-J
Rbpjl,Ārecombination signal binding protein for immunoglobulin kappa J region like,not analyzed,KY21.Chr12.833,RBP-L
RelA,"ĀRELA proto-oncogene, NF-kB subunit",cieg022h11,KY21.Chr11.1005,
Rfx1/2/3,Āregulatory factor X1/2/3 ,cicl049p01,KY21.Chr5.758,
Ror,ĀRAR related orphan receptor,cilv010m12,KY21.Chr3.203,ROR // Ci-ZF225
Rxr,Āretinoid X receptor,citb010c11,KY21.Chr9.292,RXR // Ci-ZF244
Shox,Āshort stature homeobox,genewise.401.79.1,KY21.Chr1.2249,
Sim,ĀSim bHLH transcription factor,not analyzed,KY21.Chr6.623,
Six1/2,ĀSix homeobox1/2 ,ciad046p13,KY21.Chr3.541,
Six3/6,ĀSix homeobox3/6 ,cicl021e08,KY21.Chr10.262,
Six4/5,ĀSix homeobox4/5,cieg058l18,KY21.Chr3.1131,
Smad1/5/9,ĀSmad family member 1/5/9,cicl016e21,KY21.Chr2.623,Smad1/5
Smad2/3.a,ĀSmad family member 2/3.a,cieg004p14,KY21.Chr6.524,Smad2/3a
Smad2/3.b,ĀSmad family member 2/3.b,cieg050i11,KY21.Chr12.68,Smad2/3b
Smad4,ĀSmad family member 4,cieg009m10,KY21.Chr6.351,Smad4
Smad6/7,ĀSmad family member 6/7,ciad037n07,KY21.Chr3.1198,Smad6/7
Smarce1,"ĀSWI/SNF related, matrix associated, actin dependent regulator of chromatin, subfamily e, member 1",cies001f23,KY21.Chr10.863,
Smyd1,ĀSET and MYND domain containing 1 // Ci-ZF438,citb009d08,KY21.Chr6.597,
Snai, snail family transcriptional repressor ,cibd020p17,KY21.Chr3.1356,Snail // Ci-ZF224
Sox1/2/3,ĀSRY-box 1/2/3 ,ciad002g15,KY21.Chr1.254,SoxB1
Sox14/15/21,ĀSRY-box 14/15/21 ,ciad018l18,KY21.Chr1.1871,SoxB2
Sox30,ĀSRY-box 30,not analyzed,KY21.Chr4.797,SoxH
Sox4/11/12,ĀSRY-box 4/11/12 ,ciad009i05,KY21.Chr7.664,SoxC
Sox5/6/13,ĀSRY-box 5/6/13,cibd064g10,KY21.Chr14.846,SoxD
Sox7/17/18,ĀSRY-box 7/17/18 ,cilv035a19,KY21.Chr7.830,SoxF
Sox8/9/10,ĀSRY-box 8/9/10,grailv1.226.9.1,KY21.Chr11.678,SoxE
Spdef,ĀSAM pointed domain containing ETS transcription factor,genewise.755.30.1,KY21.Chr12.672,PDEF
Spi1/B/C,ĀSpi-1/B/C transcription factor,ciad063p12,KY21.Chr6.542,Spi/Pu.1
Srebf,Āsterol regulatory element binding transcription factor // Srebp,ciad015j07,KY21.Chr9.7,Srebp
Srf,ĀSerum response factor,ciad050a03,KY21.Chr11.1302,
Ssrp1,,citb001b07,KY21.Chr3.1066,
Stat.a,Āsignal transducer and activator of transcription.a,cieg089k11,KY21.Chr3.154,
Stat.b,Āsignal transducer and activator of transcription.b,cieg048p11,KY21.Chr1.2058,
T,ĀBra T brachyury transcription factor ,cicl050d03,KY21.Chr12.6,Brachyury
Tbx1/10,ĀT-box transcription factor 1/10,AB073907,KY21.Chr7.572,Tbx1
Tbx15/18/22,ĀT-box transcription factor 15/18/22 ,citb007n20,KY21.Chr9.119,VegTR
Tbx2/3,ĀT-box transcription factor 2/3 ,cilv050c21,KY21.Chr4.947,
Tbx20,ĀT-box transcription factor 20,not analyzed,KY21.Chr1.1044,
Tbx21/Tbr1/Eomes,ĀT-box transcription factor/T-box brain transcription factor 1/eomesodermin,cieg057b14,KY21.Chr3.514,maternal T-box mT
Tbx6-r.a,ĀT-box transcription factor 6 related.a ,cicl064c01,KY21.Chr11.458,Tbx6a
Tbx6-r.b,ĀT-box transcription factor 6 related.b ,cicl007g16,KY21.Chr11.467,Tbx6b
Tbx6-r.c,ĀT-box transcription factor 6 related.c ,cicl007g16,KY21.Chr11.466,Tbx6c
Tbx6-r.d,ĀT-box transcription factor 6 related.d,cicl007g16,KY21.Chr11.465,Tbx6d
Tcf15-r,Ātranscription factor 15-related,genewise.781.21.1,KY21.Chr11.71,paraxis-like
Tcf21,Ātranscription factor 21,genewise.127.86.1,NA,MyoR
Tcf3,Ātranscription factor 3,cieg027d13,KY21.Chr3.765,E12/E47
Tcf4,Ātranscription factor 4,cieg023c15,KY21.Chr4.1005,
Tcf7,Ātranscription factor 7,cicl049a12,KY21.Chr6.59,Tcf/Lef
Tead,ĀTEA domain transcription factor,citb018h05,KY21.Chr14.532,
Tef/Hlf,"ĀTEF/Hlf transcription factor, PAR bZIP family member ",cibd010d05,KY21.Chr14.39,
Tfap2-r.a,Ātranscription factor AP-2-related.a,cieg009n12,KY21.Chr1.1538,AP-2-like1
Tfap2-r.b,Ātranscription factor AP-2-related.b ,cilv008i03,KY21.Chr7.1145,AP-2-like2
Tfap4,ĀTranscription factor AP-4 ,cilv006k04,KY21.Chr14.633,
Tfdp1,Ātranscription factor Dp-1,cieg019g24,KY21.Chr1.11,
Thr,Āthyroid hormone receptor,citb033n20,KY21.Chr11.1104,THR // Ci-ZF259
Tle.a,"ĀTLE family, transcriptional corepressor.a",ciad060d02,KY21.Chr4.907,Groucho1
Tle.b,"ĀTLE family, transcriptional corepressor.b",cibd054e08,KY21.Chr4.901,Groucho2
Tlx,ĀT cell leukemia homeobox ,ciad069p16,KY21.Chr1.1108,
Tox,Āthymocyte selection associated high mobility group box,ciad005o22,KY21.Chr3.748,CAGF9
Tp53/73.a,Ātumor protein p53/73.a,cieg042c04,KY21.Chr1.1577,p53/p73-a
Tp53/73.b,Ātumor protein p53/73.b,cits031o11,KY21.Chr3.225,p53/p73-b
Tsc22d,ĀTsc22 domain family,cicl054n02,KY21.Chr7.836,
Twist-r.a,Ātwist family bHLH transcription factor-related.a,cicl029j13,KY21.Chr5.361,TWIST-like-1a
Twist-r.b,Ātwist family bHLH transcription factor-related.b,not analyzed,KY21.Chr5.360,TWIST-like-1b
Twist-r.c,Ātwist family bHLH transcription factor-related.c,cicl020p07,KY21.Chr5.362,TWIST-like-2
Ubtf,,cicl008k20,KY21.Chr2.1127,
Unc.a,ĀUnc homeobox.a,citb049b24,KY21.Chr5.104,Unc4-A
Unc.b,ĀUnc homeobox.b ,ciad056b07,KY21.Chr11.887,Unc4-B
Usf,Āupstream transcription factor,ciad027a18,KY21.Chr3.1413,
Vdr.a,Āvitamin D receptor.a,cibd031e11,KY21.Chr2.1183,VDR-a // Ci-ZF235
Vdr.b,Āvitamin D receptor.b,not analyzed,KY21.Chr10.482,VDR-b // Ci-ZF141
Vps72,Āvacuolar protein sorting 72 homolog,cigd024l23,KY21.Chr3.15,TCFL1
Vsx,Āvisual system homeobox,not analyzed,KY21.Chr11.1087,
Xbp1.a,ĀX-box binding protein 1.a ,not analyzed,KY21.Chr4.606,xBPa
Xbp1.b,ĀX-box binding protein 1.b ,ciad081e24,KY21.Chr10.920,xBPb
Xbp1.c,ĀX-box binding protein 1.c ,citb038f23,KY21.Chr8.626,xBPc
Xbp1.d,ĀX-box binding protein 1.d,cilv023l12,KY21.Chr8.1004,xBPd
Ybx,ĀY-box binding protein,ciad007o17,KY21.Chr1.619,
Zfhx3,Āzinc finger homeobox 3 ,not analyzed,KY21.Chr3.187,ATBF // Ci-ZF113 // CiZF-313 // Ci-ZF314
Zhx1-r,Āzinc fingers and homeoboxes 1-related,cieg011g02,KY21.Chr3.16,ZHX1-like
Zic-r.a,ĀZic family member.a ,cieg016n12,KY21.Chr1.1337,macho-1 // Ci-ZF254
Zic-r.b,ĀZic family member.b ,cicl002e04,KY21.Chr6.26,ZicL-3 // Ci-ZF283
Zic-r.c,ĀZic family member.c ,cicl002e04,KY21.Chr6.27,ZicL-4
Zic-r.d,ĀZic family member.d ,cicl002e04,KY21.Chr6.28,ZicL-5
Zic-r.e,ĀZic family member.e ,cicl002e04,KY21.Chr6.29,ZicL-1
Zic-r.f,ĀZic family member.f ,cicl002e04,KY21.Chr6.30,ZicL-2
Zic-r.g,ĀZic family member.g ,cicl002e04,KY21.Chr6.31,Not found in the KH version
